<?xml version="1.0" ?>
	<!DOCTYPE Order_detail [
		<!ELEMENT Order_detail (order_no,order_rate,order_amount?,item_price*,item_name+,quantity*)>
		<!ELEMENT order_no (#PCDATA)>
		<!ATTLIST order_no order_date CDATA #REQUIRED>
		<!ELEMENT order_rate (#PCDATA)>
		<!ELEMENT order_amount (#PCDATA)>
		<!ELEMENT item_price (#PCDATA)>
		<!ELEMENT item_name (#PCDATA)>
		<!ELEMENT quantity (#PCDATA)>
		]>
		
	<Order_detail>
	                    <order_no order_date="22/07/2006"></order_no>
	                    <order_rate>1005</order_rate>
	                    <order_amount>20000</order_amount>
	                    <item_price>15000</item_price>
	                    <item_name>laptop</item_name>
	                    <quantity>1</quantity>
	</Order_detail>