<?xml version="1.0" ?>
	<!DOCTYPE Student SYSTEM "4.dtd">
	<Student>
	             <student_name></student_name>
	                                <personal_info>
	                                  <address></address>
	                                  <birth_date></birth_date>
	                                  <gender></gender>
	                                  <mobile></mobile>
	                                  </personal_info>
	                                  
	                                  <result>
	                                  </result>
	</Student>