<?xml version="1.0" ?>
	<!DOCTYPE Student SYSTEM "6.dtd">
		
	<Student>
	              <name>
	                         <fname>ABC</fname>
	                         <lname>M.M.</lname>
	              </name>
	              <id>20023</id>
	              <plan>
	                      <courses year="2002">
	                       <course>
	                                   <c_name>C advanced</c_name>
	                                   <shortname>c++</shortname>
	                                   <record>
	                                               <grade>A</grade>
	                                               <date>22/07/1997</date>
	                                   </record>
	                       </course>
	                      </courses>
	                      
	              </plan>
	</Student>