<?xml version="1.0" ?>
	<!DOCTYPE Email [
		<!ELEMENT Email (from,to,content)>
		<!ELEMENT from (#PCDATA)>
		<!ELEMENT to (#PCDATA)>
		<!ELEMENT content (person,exercises+,course)>
		<!ELEMENT person (#PCDATA)>
		<!ELEMENT exercises (exercise)>
		<!ELEMENT exercise (topic,description)>
		<!ELEMENT topic (#PCDATA)>
		<!ELEMENT description (#PCDATA)>
		<!ELEMENT course (#PCDATA)>
		]>
	<Email>
	          <from>abc</from>
	          <to>def</to>
	          <content>
	                      <person>3</person>
	                      <exercises>
	                                      <exercise>
	                                                    <topic>C++</topic>
	                                                    <description>Programming test</description>
	                                      </exercise>
	                                      </exercises>
	                                      <course>Imscit</course>
	          </content>
	</Email>