<?xml version="1.0" ?>
	<!DOCTYPE order_details [
		<!ELEMENT order_details (order_no,order_rate,order_amount?,item_price*,item_name+,quantity*)>
		<!ELEMENT order_no (#PCDATA)>
		<!ATTLIST order_no order_date CDATA #REQUIRED>
		<!ELEMENT order_rate (#PCDATA)>
		<!ELEMENT order_amount (#PCDATA)>
		<!ELEMENT item_price (#PCDATA)>
		<!ELEMENT item_name (#PCDATA)>
		<!ELEMENT quantity (#PCDATA)>
		]>
	<order_details>
	             <order_no order_date="12/21/2005">101</order_no>
	             <order_rate>5</order_rate>
	             <order_amount>10000</order_amount>
	             <item_price>5000</item_price>
	             <item_price>2000</item_price>
	             <item_name>Mobile</item_name>
	</order_details>
	
	