<?xml version="1.0" ?>
	<!DOCTYPE Letter SYSTEM "10.dtd">
		
	<Letter>
	       <contact type="sender">
	       	       <name>ABC</name>
	               <address>Paldi</address>
	               <city>Ahmedabad</city>
	               <pin>380001</pin>
	               <state>Gujarat</state>
	               <flag gender="male"></flag>
	       </contact>
	       <salutation>HELLO</salutation>
	       <paragraph>Letter</paragraph>
	       <closing>Thanks</closing>
	       <signature>ABC</signature>
	</Letter>