<?xml version="1.0" ?>
	<!DOCTYPE Student SYSTEM "2.dtd">
	<Student>
	        <student_name>ABC</student_name>
	        <personal_info>
	                      <address>Ahmedabad</address>
	                      <birth_date>22/11/2004</birth_date>
	                      <gender>
	                             <male>YES</male>
	                      </gender>
	                      <mobile_no>12345</mobile_no>
	        </personal_info>
	        <result>
	               <total>600</total>
	               <percentage>89</percentage>
	               <grade>
	                     <pass>YES</pass>
	               </grade>
	        </result>
	</Student>