<?xml version="1.0" ?>
	<!DOCTYPE Email SYSTEM "5.dtd">
	<Email>
	      <from>abc</from>
	      <to>def</to>
	      <content>
	              <person>2</person>
	              <exercises>
	                       <exercise>
	                                <topic>xml</topic>
	                                <description>exam</description>
	                       </exercise>
	                        <exercise>
	                                <topic>c++</topic>
	                                <description>exam</description>
	                       </exercise>
	              </exercises>
	              <course>imscit</course>
	      </content>
	</Email>