<?xml version="1.0" ?>
	<!DOCTYPE document SYSTEM "8.dtd">
	
	<document>
	         <xml>Yes</xml>
	         <books>
	               <book book_id="c1">
	                    <author>
	                           <carson no_of_years="20"></carson>
	                    </author>
	                    <price p1="1000.5">
	                          <dollar>YES</dollar>
	                    </price>
	               </book>
	         </books>
	         <publication_info>
	                         <publisher pub_id="c1"></publisher>
	                         <state state_name="gujarat"></state>
	         </publication_info>
	</document>