<?xml version="1.0" ?>
	<Employee>
	                   <emp_details>
	                                           <emp_id>101</emp_id>
	                                           <emp_name fn="ABC"></emp_name>
	                                           <emp_salary>20000</emp_salary>
	                   </emp_details>
	                   
	                   
	                    <emp_details>
	                                           <emp_id>102</emp_id>
	                                           <emp_name fn="DEF"></emp_name>
	                                           <emp_salary>15000</emp_salary>
	                   </emp_details>
	                   
	                   
	                    <emp_details>
	                                           <emp_id>103</emp_id>
	                                           <emp_name fn="GHI"></emp_name>
	                                           <emp_salary>13000</emp_salary>
	                   </emp_details>
	</Employee>