<?xml version="1.0" ?>
	<Student>
	             <stud_details>
	                                    <roll_no>101</roll_no>
	                                    <name>ABC</name>
	                                    <marks>85</marks>
	             </stud_details>
	             
	             
	              <stud_details>
	                                    <roll_no>102</roll_no>
	                                    <name>DEF</name>
	                                    <marks>47</marks>
	             </stud_details>
	             
	             
	              <stud_details>
	                                    <roll_no>103</roll_no>
	                                    <name>GHI</name>
	                                    <marks>55</marks>
	             </stud_details>
	</Student>