<?xml version="1.0" ?>
	<Student>
	     <stud_details>
	                            <s_id>101</s_id>
	                            <name>
	                                        <fn>Fname</fn>
	                                        <ln>Lname</ln>
	                            </name>
	                            <marks>620</marks>
	                            <subject>
	                                           <xml>Xml</xml>
	                                           <oop>Oop</oop>
	                            </subject>
	 </stud_details>
	</Student>