<?xml version="1.0" ?>
	<Lunch xmlns:xsi="http://www.w3.org/2001/XMLSchema-instance" xsi:noNamespaceSchemaLocation="10.xsd">
	
	<Lunch>
	      <starter>
	              <juice>Orange</juice>
	              <soup>Tomato</soup>
	      </starter>
	      <main_course>
	                  <veg>Green</veg>
	                  <non-veg>Red</non-veg>
	      </main_course>
	      <dessert>
	              <ice_cream>Chocolate</ice_cream>
	              <fruit_salad>Kiwi</fruit_salad>
	      </dessert>
	</Lunch>
	</Lunch>