<?xml version="1.0" ?>
	<Letter xmlns:xsi="http://www.w3.org/2001/XMLSchema-instance" xsi:noNamespacechemaLocation="11.xsd">
	<Letter>
	      <contact>
	              <name>ABC</name>
	              <address>Vasna</address>
	              <city>Ahmedabad</city>
	              <pin>
	                  <zip>380007</zip>
	              </pin>
	              <state>Gujarat</state>
	              <flag>India</flag>
	      </contact>
	      <salutation>Over</salutation>
	      <closing>Thanks</closing>
	      <signature>ABC</signature>
	</Letter>
</Letter>