<?xml version="1.0" ?>
	<!DOCTYPE Employee SYSTEM "12.dtd">
	<Employee>
	        <emp_no cid="L1"></emp_no>
	        <name>
	            <fname>ABC</fname>
	        </name>
	        <department cid="L1"></department>
	        <manager_name>DEF</manager_name>
	        <project_assign>
	                       <proj_1 c1="Ecommerce"></proj_1>
	                       <proj_2>xml</proj_2>
	                       <proj_3>c++</proj_3>
	        </project_assign>
	        <designation L1="manager"></designation>
	</Employee>