<?xml version="1.0" ?>
	<!DOCTYPE Order [
		<!ELEMENT Order (order_detail,total_order)>
		<!ELEMENT order_detail (order_no,order_date,item_price,item_name,quantity)>
		<!ELEMENT order_no (#PCDATA)>
		<!ATTLIST order_no oid ID #REQUIRED>
		<!ELEMENT order_date (day?,month?,year?)>
		<!ELEMENT day (#PCDATA)>
		<!ELEMENT month (#PCDATA)>
		<!ELEMENT year (#PCDATA)>
		<!ELEMENT item_price (#PCDATA)>
		<!ATTLIST item_price amt NMTOKEN #REQUIRED>
		<!ELEMENT item_name (#PCDATA)>
		<!ATTLIST item_name cid IDREF #REQUIRED>
		<!ELEMENT quantity (#PCDATA)>
		<!ATTLIST quantity qid CDATA #IMPLIED>  
		<!ELEMENT total_order (no_of_items+,total_amount)>
		<!ELEMENT no_of_items (#PCDATA)>
		<!ELEMENT total_amount EMPTY>
		]>
	<Order>
	        <order_detail>
	                 <order_no oid="o1"></order_no>
	                 <order_date></order_date>
	                 <item_price amt="10000"></item_price>
	                 <item_name cid="o1"></item_name>
	                 <quantity qid="c1"></quantity>
	        </order_detail>
        <total_order>
                   <no_of_items>5</no_of_items>
                   <no_of_items>7</no_of_items>
                   <total_amount></total_amount>
        </total_order>	     
	</Order>