<?xml version="1.0" ?>
	<!DOCTYPE Employee [
		<!ELEMENT Employee (emp_no,emp_name,department,manager_name+,project,designation?)>
		<!ELEMENT emp_no (#PCDATA)>
		<!ATTLIST emp_no eid ID #REQUIRED>
		<!ELEMENT emp_name (fname | lname )>
		<!ELEMENT fname (#PCDATA)>
		<!ELEMENT lname (#PCDATA)>
		<!ELEMENT department (#PCDATA)>
		<!ATTLIST department did IDREF #REQUIRED>
		<!ELEMENT manager_name (#PCDATA)>
		<!ELEMENT project (proj_1,proj_2,proj_3)>
		<!ELEMENT proj_1 (#PCDATA)>
		<!ATTLIST proj_1 pid ( Ecommerce | Embedded) #REQUIRED>
		<!ELEMENT proj_2 (#PCDATA)>
		<!ELEMENT proj_3 (#PCDATA)>
		<!ELEMENT designation (#PCDATA)>
		<!ATTLIST designation post CDATA #REQUIRED>
		]>
	<Employee>
	         <emp_no eid="e1"></emp_no>
	         <emp_name>
	                  <fname>ABC</fname>
	         </emp_name>
	         <department did="e1"></department>
	         <manager_name>ABC</manager_name>
	         <manager_name>XYZ</manager_name>
	         <project>
	                 <proj_1 pid="Embedded"></proj_1>
	                 <proj_2>xml</proj_2>
	                 <proj_3>oop</proj_3>
	         </project>
	         <designation post="manager"></designation>
	</Employee>