<?xml version="1.0" ?>
	<!DOCTYPE order_detail [
		<!ELEMENT order_detail (order_no,date,item_price,item_name,quantity)>
		<!ELEMENT order_no (#PCDATA)>
		<!ATTLIST order_no o1 ID #REQUIRED>
		<!ELEMENT date (day*,month*,year*)>
		<!ATTLIST item_price amt NMTOKEN #REQUIRED>
		<!ELEMENT item_name (#PCDATA)>
		<!ATTLIST item_name i1 IDREF #IMPLIED>
		<!ATTLIST quantity q1 CDATA #REQUIRED >
		<!ELEMENT Total (no_of_items,total_amt)>
		<!ELEMENT no_of_items (#PCDATA)>
		<!ELEMENT total_amt EMPTY >
		]>
		<order_detail>
		            <order_no o1="1001"></order_no>
		            <date>
		                 <day></day>
		                 <month></month>
		                 <year></year>
		            </date>
		            <item_price amt="7000"></item_price>
		            <item_name i1="2001"></item_name>
		            <quantity q1="5"></quantity>
		</order_detail>
		<Total>
		      <no_of_items>5</no_of_items>
		      <total_amt></total_amt>
		</Total>
		</order_detail>
		
		
		
		
		
		
		
		
		
		
		
		
		
		