<?xml version="1.0" ?>
	<!DOCTYPE document [
		<!ELEMENT document (xml,books)>
		<!ELEMENT xml (#PCDATA)>
		<!ELEMENT books (book)>
		<!ATTLIST book book_id ID #REQUIRED>
		<!ELEMENT book (author,publication_info)>
		<!ELEMENT author (carson,price,publication_date*)>
		<!ELEMENT carson EMPTY>
		<!ATTLIST carson no_of_years CDATA #FIXED "20">
		<!ELEMENT price (#PCDATA)>
		<!ATTLIST price cs (format|dollar) #REQUIRED>
		<!ATTLIST price amt NMTOKEN #REQUIRED>
		<!ELEMENT publication_info (publisher+,state)>
		<!ELEMENT publisher (#PCDATA | fn)*>
		<!ATTLIST publisher pub_id IDREF #IMPLIED>
		<!ELEMENT state (#PCDATA)>
		<!ATTLIST state state_name (Gujarat|Rajasthan) #REQUIRED>
	]>
		
<document>
         <xml>Yes</xml>
         <books>
               <book book_id="b1">
               	       <author>
               	              <carson no_of_years="20"></carson>
               	              <price cs="dollar" amt="p1"></price>
               	       </author>
               	       <publication_info>
               	       	                <publisher pub_id="p1"></publisher>
               	       	                <state state_name="Gujarat"></state>                                                  
               	       </publication_info>    
               </book>
         </books>
</document>
		
		
		
		
		
		
		
		
		
		
		
		
		
		
		
		
		
		
		
		
		
		
		
		
		
		
		
		
		
		
		
		
		
		
		
		
		
		
		
		
		