<?xml version="1.0" ?>
	<?xml-stylesheet type="text/xsl" href="p4.xsd" ?>
	<Mobile>
	               <mobile_details>
	                                           <cname>Iphone 8 pro</cname>
	                                           <model_no>4</model_no>
	                                           <color>Black</color>
	                                           <ram>8</ram>
	                                           <rom>128</rom>
	                                           <weight>195</weight>
	                                           <size>6.3</size>
	               </mobile_details>
	               
	                <mobile_details>
	                                           <cname>Iphone 11</cname>
	                                           <model_no>X</model_no>
	                                           <color>Black</color>
	                                           <ram>6</ram>
	                                           <rom>64</rom>
	                                           <weight>203</weight>
	                                           <size>6.5</size>
	               </mobile_details>
	               
	                <mobile_details>
	                                           <cname>Iphone 13 pro max</cname>
	                                           <model_no>7</model_no>
	                                           <color>Red</color>
	                                           <ram>12</ram>
	                                           <rom>256</rom>
	                                           <weight>178</weight>
	                                           <size>6.7</size>
	               </mobile_details>
	               
	                <mobile_details>
	                                           <cname>Iphone 14 pro</cname>
	                                           <model_no>xr</model_no>
	                                           <color>red</color>
	                                           <ram>8</ram>
	                                           <rom>128</rom>
	                                           <weight>195</weight>
	                                           <size>6.3</size>
	               </mobile_details>
	               
	                <mobile_details>
	                                           <cname>Iphone 15 plus</cname>
	                                           <model_no>5</model_no>
	                                           <color>white</color>
	                                           <ram>16</ram>
	                                           <rom>512</rom>
	                                           <weight>171</weight>
	                                           <size>6.7</size>
	               </mobile_details>
	</Mobile>