<?xml version="1.0" ?>
	<Salesperson xmlns:xsi="http://www.w3.org/2001/XMLSchema-instance" xsi:noNamespaceSchemaLocation="3.xsd">
	                      <name>ABC</name>
	                      <business_info>
	                                                <company>NIZIL TECH</company>
	                                                <department>Sales</department>
	                                                <manager>XYZ</manager>
	                                                <phone_no>1234509971</phone_no>
	                                                <email>niziltech@umail.com</email>
	                      </business_info>
	               <personal_info>
	                                         <phoneno>9088791156</phoneno>
	                                         <address>Ahmedabad</address>
	               </personal_info>
	</Salesperson>