<?xml version="1.0" ?>
	<Employee>
	                   <employee_info>
	                                               <name>ABC</name>
	                                               <dob>1997/05/13</dob>
	                                               <address>Ahmedabad</address>
	                                               <mobile_no>1234509876</mobile_no>
	                                               <emp_id>2005</emp_id>
	                                               <salary>35000</salary>
	                                               <doj>2012/08/01</doj>
	                   </employee_info>
	                   
	                    <employee_info>
	                                               <name>DEF</name>
	                                               <dob>1997/03/21</dob>
	                                               <address>Ahmedabad</address>
	                                               <mobile_no>908177651</mobile_no>
	                                               <emp_id>2009</emp_id>
	                                               <salary>27000</salary>
	                                               <doj>2012/01/08</doj>
	                   </employee_info>
	                   
	                    <employee_info>
	                                               <name>XYZ</name>
	                                               <dob>1999/11/22</dob>
	                                               <address>Ahmedabad</address>
	                                               <mobile_no>9071235166</mobile_no>
	                                               <emp_id>2012</emp_id>
	                                               <salary>25000</salary>
	                                               <doj>2012/07/09</doj>
	                   </employee_info>
	                   
	                    <employee_info>
	                                               <name>MNO</name>
	                                               <dob>2001/02/02</dob>
	                                               <address>Ahmedabad</address>
	                                               <mobile_no>678890123</mobile_no>
	                                               <emp_id>2003</emp_id>
	                                               <salary>20000</salary>
	                                               <doj>2022/03/15</doj>
	                   </employee_info>
	                   
	                    <employee_info>
	                                               <name>PQR</name>
	                                               <dob>1992/09/21</dob>
	                                               <address>Ahmedabad</address>
	                                               <mobile_no>900125167</mobile_no>
	                                               <emp_id>2000</emp_id>
	                                               <salary>28000</salary>
	                                               <doj>2011/03/25</doj>
	                   </employee_info>
	</Employee>