<?xml version="1.0" ?>
	<Batsman>
	                 <cricket>
	                          <name>Rohit</name>
	                          <runs>626</runs>
	                          <wickets>15</wickets>
	                          <average>35.4</average>
	                          <performance>Good</performance>
	                          <no_of_matches>12</no_of_matches>
	                 </cricket>
	                 
	                  <cricket>
	                          <name>Sachin</name>
	                          <runs>791</runs>
	                          <wickets>21</wickets>
	                          <average>45.3</average>
	                          <performance>Outstanding</performance>
	                          <no_of_matches>18</no_of_matches>
	                 </cricket>
	                 
	                  <cricket>
	                          <name>Virat</name>
	                          <runs>690</runs>
	                          <wickets>11</wickets>
	                          <average>38.4</average>
	                          <performance>Good</performance>
	                          <no_of_matches>15</no_of_matches>
	                 </cricket>
	                 
	                  <cricket>
	                          <name>Sehwag</name>
	                          <runs>701</runs>
	                          <wickets>10</wickets>
	                          <average>37.1</average>
	                          <performance>Good</performance>
	                          <no_of_matches>14</no_of_matches>
	                 </cricket>
	</Batsman>