<?xml version="1.0" ?>
	<?xml-stylesheet type="text/xsl" href="exp1.xsl"?>
		
	<Order>
	             <order_detail>
	                                 <order_no>10034</order_no>
	                                 <order_rate>50%</order_rate>
	                                 <order_amt>5000</order_amt>
	                                 <item_price>25000</item_price>
	                                 <item_name>Headphone</item_name>
	                                 <quantity>2</quantity>
	             </order_detail>
	</Order>