<?xml version="1.0" ?>
	<?xml-stylesheet type="text/xsl" href="3.xsl" ?>
		
		<Student>
		          <stud_details>
		                                <roll_no>101</roll_no>
		                                <name>Rajesh</name>
		                                <marks>530</marks>
		                                <rank>12</rank>
		                                <result>Pass</result>
		          </stud_details>
		          
		          
		            <stud_details>
		                                <roll_no>102</roll_no>
		                                <name>Manan</name>
		                                <marks>570</marks>
		                                <rank>10</rank>
		                                <result>Pass</result>
		          </stud_details>
		          
		            <stud_details>
		                                <roll_no>103</roll_no>
		                                <name>Meet</name>
		                                <marks>590</marks>
		                                <rank>9</rank>
		                                <result>Pass</result>
		          </stud_details>
		          
		          
		            <stud_details>
		                                <roll_no>104</roll_no>
		                                <name>Romil</name>
		                                <marks>603</marks>
		                                <rank>8</rank>
		                                <result>Pass</result>
		          </stud_details>
		          
		          
		            <stud_details>
		                                <roll_no>105</roll_no>
		                                <name>Karan</name>
		                                <marks>607</marks>
		                                <rank>7</rank>
		                                <result>Pass</result>
		          </stud_details>
		          
		          
		            <stud_details>
		                                <roll_no>106</roll_no>
		                                <name>Raman</name>
		                                <marks>613</marks>
		                                <rank>6</rank>
		                                <result>Pass</result>
		          </stud_details>
		          
		          
		            <stud_details>
		                                <roll_no>107</roll_no>
		                                <name>Ansh</name>
		                                <marks>621</marks>
		                                <rank>5</rank>
		                                <result>Pass</result>
		          </stud_details>
		          
		          
		            <stud_details>
		                                <roll_no>108</roll_no>
		                                <name>Rima</name>
		                                <marks>627</marks>
		                                <rank>4</rank>
		                                <result>Pass</result>
		          </stud_details>
		          
		          
		            <stud_details>
		                                <roll_no>109</roll_no>
		                                <name>Dev</name>
		                                <marks>635</marks>
		                                <rank>3</rank>
		                                <result>Pass</result>
		          </stud_details>
		          
		          
		            <stud_details>
		                                <roll_no>110</roll_no>
		                                <name>Mira</name>
		                                <marks>644</marks>
		                                <rank>1</rank>
		                                <result>Pass</result>
		          </stud_details>
		        
		          
		</Student>