<?xml version="1.0" ?>
	<?xml-stylesheet type="text/xsl" href="4.xsl" ?>
		
		<Student>
		  <stud_details>
		   <roll_no>101</roll_no>
		   <name>Rajesh</name>
		   <marks>520</marks>
		   <rank>6</rank>
		  </stud_details>
		  
		  <stud_details>
		   <roll_no>102</roll_no>
		   <name>Het</name>
		   <marks>550</marks>
		   <rank>3</rank>
		  </stud_details>
		  
		  <stud_details>
		   <roll_no>103</roll_no>
		   <name>Karan</name>
		   <marks>519</marks>
		   <rank>7</rank>
		  </stud_details>
		  
		  <stud_details>
		   <roll_no>104</roll_no>
		   <name>Moksh</name>
		   <marks>491</marks>
		   <rank>8</rank>
		  </stud_details>
		  
		  <stud_details>
		   <roll_no>105</roll_no>
		   <name>Rima</name>
		   <marks>410</marks>
		   <rank>13</rank>
		  </stud_details>
		 
		 </Student>