<?xml version="1.0" ?>
	<?xml-stylesheet type="text/xsl" href="5.xsl" ?>
		
		<Student>
		               <stud_details>
		                                <rollno>101</rollno>
		                                <name>ABC</name>
		                                <marks>75</marks>
		                                <rank>4</rank>
		                                <result>Pass</result>
		               </stud_details>
		               
		                 <stud_details>
		                                <rollno>102</rollno>
		                                <name>DEF</name>
		                                <marks>80</marks>
		                                <rank>3</rank>
		                                <result>Pass</result>
		               </stud_details>
		               
		                 <stud_details>
		                                <rollno>103</rollno>
		                                <name>JKM</name>
		                                <marks>88</marks>
		                                <rank>2</rank>
		                                <result>Pass</result>
		               </stud_details>
		               
		                 <stud_details>
		                                <rollno>104</rollno>
		                                <name>MNO</name>
		                                <marks>91</marks>
		                                <rank>1</rank>
		                                <result>Pass</result>
		               </stud_details>
		</Student>