<?xml version="1.0" ?>
	<?xml-stylesheet type="text/xsl" href="5.xsl" ?>
		
		<Student>
			<stud_details>
		               <name fname="ABC" lname="DEF"></name>
		               <id>1001</id>
		               <plan>
		                         <courses>Imscit</courses>
		               </plan>
		               </stud_details>
		               
		                <stud_details>
		                <name fname="JKF" lname="MN"></name>
		               <id>1002</id>
		               <plan>
		                         <courses>Bca</courses>
		               </plan>
		               </stud_details>
		               
                                            <stud_details>		               
		                <name fname="KGF" lname="LK"></name>
		               <id>1003</id>
		               <plan>
		                         <courses>Imscit</courses>
		               </plan>
		               </stud_details>
		               
		               <stud_details>
		                <name fname="MNO" lname="PN"></name>
		               <id>1004</id>
		               <plan>
		                         <courses>Bca</courses>
		               </plan>
		               </stud_details>
		               
		               
		</Student>