<?xml version="1.0" ?>
	<?xml-stylesheet type="text/xsl" href="7.xsl" ?>
		
		<Student>
		             <stud_details>
		                                     <rollno>101</rollno>
		                                     <name>ABC</name>
		                                     <marks>85</marks>
		                                     <rank>2</rank>
		             </stud_details>
		             
		              <stud_details>
		                                     <rollno>102</rollno>
		                                     <name>DEF</name>
		                                     <marks>62</marks>
		                                     <rank>5</rank>
		             </stud_details>
		             
		              <stud_details>
		                                     <rollno>103</rollno>
		                                     <name>JKF</name>
		                                     <marks>58</marks>
		                                     <rank>8</rank>
		             </stud_details>
		             
		              <stud_details>
		                                     <rollno>104</rollno>
		                                     <name>MNO</name>
		                                     <marks>76</marks>
		                                     <rank>4</rank>
		             </stud_details>
		             
		               <stud_details>
		                                     <rollno>105</rollno>
		                                     <name>PQR</name>
		                                     <marks>48</marks>
		                                     <rank>10</rank>
		             </stud_details>
		             
		</Student>