<?xml version="1.0" ?>
	<?xml-stylesheet type="text/xsl" href="8.xsl" ?>
		<Student>
		               <stud_details>
		                                      <stud_name>ABC</stud_name>
		                                      <personal_info>
		                                                                <address>Paldi</address>
		                                                                <birthdate>22-12-2002</birthdate>
		                                                                <gender>Male</gender>
		                                                                <mobileno>1234567</mobileno>
		                                      </personal_info>
		                                      <result>671</result>
		               </stud_details>
		               
		               <stud_details>
		                                      <stud_name>DEF</stud_name>
		                                      <personal_info>
		                                                                <address>Naranpura</address>
		                                                                <birthdate>17-05-2005</birthdate>
		                                                                <gender>Male</gender>
		                                                                <mobileno>9876551</mobileno>
		                                      </personal_info>
		                                      <result>232</result>
		               </stud_details>
		               
		               <stud_details>
		                                      <stud_name>PQR</stud_name>
		                                      <personal_info>
		                                                                <address>Satellite</address>
		                                                                <birthdate>13-09-2001</birthdate>
		                                                                <gender>Female</gender>
		                                                                <mobileno>80917761</mobileno>
		                                      </personal_info>
		                                      <result>591</result>
		               </stud_details>
		               
		               <stud_details>
		                                      <stud_name>MNO</stud_name>
		                                      <personal_info>
		                                                                <address>Shella</address>
		                                                                <birthdate>08-03-2009</birthdate>
		                                                                <gender>Male</gender>
		                                                                <mobileno>80917754</mobileno>
		                                      </personal_info>
		                                      <result>268</result>
		               </stud_details>
		</Student>