<?xml version="1.0" ?>
	<?xml-stylesheet type="text/xsl" href="9.xsl" ?>
		
		<Books>
		             <book_details>
		                                    <book title="C Programming"></book>
		                                    <author>ABC</author>
		                                    <year>2000</year>
		                                    <publisher>12151</publisher>
		             </book_details>
		             
		              <book_details>
		                                    <book title="Fortran Basics"></book>
		                                    <author>DEF</author>
		                                    <year>1981</year>
		                                    <publisher>10382</publisher>
		             </book_details>
		             
		              <book_details>
		                                    <book title="Pacal Concepts"></book>
		                                    <author>PQR</author>
		                                    <year>1992</year>
		                                    <publisher>133721</publisher>
		             </book_details>
		             
		              <book_details>
		                                    <book title="History of Computers"></book>
		                                    <author>MNO</author>
		                                    <year>1966</year>
		                                    <publisher>199081</publisher>
		             </book_details>
		             
		              <book_details>
		                                    <book title="VLSI/ULSI"></book>
		                                    <author>XYZ</author>
		                                    <year>2005</year>
		                                    <publisher>17154</publisher>
		             </book_details>
		</Books>