<?xml version="1.0" ?>
	<!DOCTYPE Student[
		<!ELEMENT Student (roll_no?,name?,class,personal_info,result)>
		<!ELEMENT roll_no (#PCDATA)>
		<!ELEMENT name (#PCDATA)>
		<!ELEMENT class (#PCDATA)>
		<!ELEMENT personal_info (address,gender,mobile_no*)>
		<!ATTLIST personal_info birth_date CDATA #REQUIRED>
		<!ELEMENT address (#PCDATA)>
		<!ELEMENT gender (male | female)>
		<!ELEMENT male (#PCDATA)>
		<!ELEMENT female (#PCDATA)>
		<!ELEMENT mobile_no (#PCDATA)>
		<!ELEMENT result (total,percentage,grade)>
		<!ELEMENT total (#PCDATA)>
		<!ELEMENT percentage (#PCDATA)>
		<!ELEMENT grade (#PCDATA)>
		]>
		
	
	<Student>
	                 <roll_no>123</roll_no>
	                 <name>Hello</name>
	                 <class>B</class>
	                 <personal_info birth_date="2004-11-22">
	                                           <address>Ahmedabad</address>         
	                                           <gender>
	                                                          <male>Yes</male>	                                          
	                                            </gender>
	                                           <mobile_no>1234567890</mobile_no>
	                                           <mobile_no>1234509876</mobile_no>
	                 </personal_info>
	                 <result>
	                               <total>620</total>
	                               <percentage>89</percentage>
	                               <grade>A</grade>
	                 </result>
	</Student>