<?xml version="1.0" ?>
	<!DOCTYPE Order [
		<!ELEMENT Order (order_detail,total_order)>
		<!ELEMENT order_detail (order_date,item_price+,item_name+,quantity+)>
		<!ATTLIST order_detail order_no  (1 | 2) #REQUIRED>
		<!ELEMENT order_date (day,month,year)>
		<!ELEMENT day (#PCDATA | monday)*>
		<!ELEMENT month (#PCDATA)>
		<!ELEMENT year (#PCDATA)>
		<!ELEMENT item_price (#PCDATA)>
		<!ELEMENT item_name (#PCDATA)>
		<!ELEMENT quantity (#PCDATA)>
		<!ENTITY quantity "5">
		<!ELEMENT total_order (no_of_items,total_amount)>
		<!ELEMENT no_of_items (#PCDATA)>
		<!ELEMENT total_amount (#PCDATA)>
		]>
	<Order>
	             <order_detail order_no="2">
	                                     <order_date>
	                                                           <day>3</day>
	                                                            <month>07</month>
	                                                            <year>2017</year>
	                                     </order_date>
	                                     <item_price>500</item_price>
	                                     <item_name>Shampoo</item_name>
	                                     <quantity>&quantity;</quantity>
	             </order_detail>
	             <total_order>
	                                   <no_of_items>1</no_of_items>
	                                   <total_amount>500</total_amount>
	             </total_order>
	</Order>