<?xml version="1.0" ?>
	<!DOCTYPE Letter [
		<!ELEMENT Letter (contact+,salutation,paragraph,closing,signature)>
		<!ELEMENT contact (name,address,city,pin,state,flag)>
		<!ATTLIST contact type CDATA #FIXED "sender">
		<!ELEMENT name (#PCDATA)>
		<!ELEMENT address (#PCDATA)>
		<!ELEMENT city (#PCDATA)>
		<!ELEMENT pin (#PCDATA)>
		<!ELEMENT state (#PCDATA)>
		<!ELEMENT flag EMPTY>
		<!ATTLIST flag gender (male | female ) #FIXED "male">
		<!ELEMENT salutation (#PCDATA)>
		<!ELEMENT paragraph (#PCDATA)>
		<!ELEMENT closing (#PCDATA)>
		<!ELEMENT signature (#PCDATA)>
		]>
	<Letter>
	            <contact type="sender">
	                           <name>ABC</name>
	                           <address>Paldi</address>
	                           <city>Ahmedabad</city>
	                           <pin>380007</pin>
	                           <state>Gujarat</state>
	                           <flag gender="male"></flag>
	            </contact>
	            <salutation>Hello</salutation>
	            <paragraph>MY NAME IS ABC</paragraph>
	            <closing>Yours Thankfully</closing>
	            <signature>Abc..</signature>
	</Letter>