<?xml version="1.0" ?>
	<!DOCTYPE Student_info [
		 <!ELEMENT Student_info (student+,course,subject)>
		 <!ELEMENT student (name,contact_no)>
		 <!ATTLIST student which_course IDREF #REQUIRED>
		 <!ELEMENT name (#PCDATA)>
		 <!ELEMENT contact_no (#PCDATA)>
		 <!ATTLIST contact_no no NMTOKEN #REQUIRED>
		 <!ELEMENT course (Name)>
		 <!ATTLIST course cid ID #REQUIRED>
		 <!ELEMENT Name (#PCDATA)>
		 <!ENTITY Name "ABC">
		 <!ELEMENT subject (#PCDATA)>
		 <!ATTLIST subject name (xml | java | os) #REQUIRED>
		]>
	
	<Student_info>
	                       <student which_course="c1">
	                        <name>XYZ</name>
	                        <contact_no no="9057140511"></contact_no>
	                       </student>
	                       <course cid="c1">
	                                      <Name>&Name;</Name>
	                       </course>
	                      <subject name="xml"></subject>
             </Student_info>