<?xml version="1.0" ?>
	<!DOCTYPE Student SYSTEM "d5.dtd">
	<Student>
	               <student_name></student_name>
	                <personal_info>
	                                           <address></address> 
	                                           <birth_date></birth_date>        
	                                           <gender></gender>                                          
	                                           <mobile_no></mobile_no>
	                 </personal_info>     
	</Student>