<?xml version="1.0" ?>
	<!DOCTYPE Student SYSTEM "d6.dtd">
	
	<Student>
	                <student_name>ABC</student_name>
	                <personal_info>
	                                          <address>Ahmedabad</address>
	                                          <birth_date>2005/07/05</birth_date>
	                                          <gender>Male</gender>
	                                          <mobile>9085166711</mobile>
	                </personal_info>
	               
	</Student>