<?xml version="1.0" ?>
	<?xsl-stylesheet type="text/xsl" href="s1.xsl" ?>
		
	<Employee>
	                    <emp_info>
	                                      <name>ABC</name>
	                                      <dob>2004-10-03</dob>
	                                      <address>Ahmedabad</address>
	                                      <mobile_no>1234567890</mobile_no>
	                                      <emp_id>1003</emp_id>
	                                      <salary>3500</salary>
	                                      <doj>2018-08-13</doj>
	                    </emp_info>
	                    
	                      <emp_info>
	                                      <name>XYZ</name>
	                                      <dob>2003-05-11</dob>
	                                      <address>Surat</address>
	                                      <mobile_no>1230098671</mobile_no>
	                                      <emp_id>1021</emp_id>
	                                      <salary>6000</salary>
	                                      <doj>2017-07-19</doj>
	                    </emp_info>
	                    
	                      <emp_info>
	                                      <name>PQR</name>
	                                      <dob>2004-11-26</dob>
	                                      <address>Rajkot</address>
	                                      <mobile_no>1250988701</mobile_no>
	                                      <emp_id>1099</emp_id>
	                                      <salary>5400</salary>
	                                      <doj>2017-11-28</doj>
	                    </emp_info>
	</Employee>