<?xml version="1.0" ?>
  <?xsl-stylesheet type="text/xsl" href="s2.xsl" ?>
	<Batsman_info>
	                           <cricket>
	                                          <name>Rohit</name>
	                                          <runs>477</runs>
	                                          <wicket>13</wicket>
	                                          <no_of_matches>14</no_of_matches>
	                           </cricket>
	                           
	                               <cricket>
	                                          <name>Virat</name>
	                                          <runs>540</runs>
	                                          <wicket>17</wicket>
	                                          <no_of_matches>21</no_of_matches>
	                           </cricket>
	                           
	                               <cricket>
	                                          <name>Gill</name>
	                                          <runs>310</runs>
	                                          <wicket>3</wicket>
	                                          <no_of_matches>10</no_of_matches>
	                           </cricket>
	</Batsman_info>