<?xml version="1.0" ?>
	<?xsl-stylesheet type="text/xsl" href="s3.xsl" ?>
		
	<Student>
		<stud_details>
		     <roll_no>101</roll_no>
	                   <name>ABC</name>
	                   <marks>81</marks>
	                   <rank>1</rank>
	                </stud_details>
	                
	                <stud_details>
		     <roll_no>113</roll_no>
	                   <name>XYZ</name>
	                   <marks>55</marks>
	                   <rank>7</rank>
	                </stud_details>
	                
	                <stud_details>
		     <roll_no>126</roll_no>
	                   <name>PQR</name>
	                   <marks>35</marks>
	                   <rank>0</rank>
	                </stud_details>
	</Student>