<?xml version="1.0" ?>
	<Student>
	                 <stud_details>
	                 	              <roll_no>101</roll_no>
	                                         <name>ABC</name>
	                                         <marks>85</marks>
	                 </stud_details>
	                 
	                   <stud_details>
	                 	              <roll_no>121</roll_no>
	                                         <name>XYZ</name>
	                                         <marks>71</marks>
	                 </stud_details>
	                 
	                   <stud_details>
	                 	              <roll_no>203</roll_no>
	                                         <name>PQR</name>
	                                         <marks>90</marks>
	                 </stud_details>
	                 
	                   <stud_details>
	                 	              <roll_no>171</roll_no>
	                                         <name>MNO</name>
	                                         <marks>68</marks>
	                 </stud_details>
	</Student>