<?xml version="1.0" ?>
	<Student>
	                <stud_details>
	                                        <roll_no>101</roll_no>
	                                        <name>Rakesh</name>
	                </stud_details>
	                
	                 <stud_details>
	                                        <roll_no>102</roll_no>
	                                        <name>Diya</name>
	                </stud_details>
	                
	                 <stud_details>
	                                        <roll_no>103</roll_no>
	                                        <name>Ramesh</name>
	                </stud_details>
	                
	                <stud_details>
	                                        <roll_no>104</roll_no>
	                                        <name>Dev</name>
	                </stud_details>
	                
	                <stud_details>
	                                        <roll_no>105</roll_no>
	                                        <name>Ruhi</name>
	                </stud_details>
	</Student> 