<?xml version="1.0" ?>
	<Salesperson xmlns:xsi="http://www.w3.org/2001/XMLSchema-instance" xsi:noNamespaceSchemaLocation="x1.xsd">
	                         <name>ABC</name>
	                         <name>XYZ</name>
	                         <business_info>
	                                                   <company>Hello</company>
	                                                   <department>Sales</department>
	                                                   <manager>No</manager>
	                                                   <phone_no>1234567890</phone_no>
	                                                   <email>abc@gmail.com</email>
	                         </business_info>
	                         <personal_info>
	                                                    <phoneno>9010887651</phoneno> 
	                                                    <address>Ahmedabad</address>
	                         </personal_info>
	</Salesperson>