<?xml version="1.0" ?>
	<School xmlns:xsi="http://www.w3.org/2001/XMLSchema-instance" xsi:noNamespaceSchemaLocation="x4.xsd">
	              <s_id>S08710</s_id>
	              <s_name>Mahesh</s_name>
	              <s_year>2004</s_year>
	              <s_address>
	                                  <city>Ahmedabad</city>
	                                  <state name="gujarat"></state>
	              </s_address>
	              <s_code>8005</s_code>
	              <s_totalstd>10th</s_totalstd>
	              <s_star>Pass</s_star>
	</School>