<?xml version="1.0" ?>
	<Student>
	        <name>
	              <fname>Mahesh</fname>
	              <lname>Patel</lname>
	        </name>
	                <id>1045</id>
	        <plan>
	             <year>
	                   <course>
	                          <name>Integrated Masters of Computer</name>
	                          <short_name>Imscit</short_name>
	                          <record>
	                                 <grade>A+</grade>
	                                 <date>2015/2/12</date>
	                          </record>
	                   </course>
	             </year>
	        </plan>
	        
	</Student>