<?xml version="1.0" ?>
	<Letter>
	       <contact>
	               <name>ABC</name>
	               <type>
	                    <manager>Yes</manager>
	               </type>
	               <address>India</address>
	               <city>Ahmedabad</city>
	               <pin>380004</pin>
	               <state>Gujarat</state>
	               <flag>
	                    <gender>
	                           <male>Yes</male>
	                    </gender>
	               </flag>
	       </contact>
	    <salutation>Meeting</salutation>
	    <paragraph>Attendind meeting compulsary</paragraph>
	    <closing>Thank you</closing>
	    <signature>ABC...</signature>
	</Letter>