<?xml version="1.0" ?>
	<Lunch xmlns:xsi="http://www.w3.org/2001/XMLSchema-instance" xsi:noNamespaceSchemaLocation="1.xsd">
	               <starter>
	                                <juice>Orange</juice>
	               </starter>
	               
	               <main_course>
	                                        <veg>Paneer</veg>
	               </main_course>
	               
	               <dessert>
	                              <ice_cream>Vanilla</ice_cream>
	               </dessert>
	</Lunch>