<?xml version="1.0" ?>
	<?xsl-stylesheet type="text/xsl" href="10.xsl" ?>
		<Student>
		                <student>
		                                 <roll_no>123</roll_no>
		                                 <name>Raju</name>
		                                 <marks>75</marks>
		                                 <rank>4</rank>
		                               
		                </student>
		                
		                  <student>
		                                 <roll_no>124</roll_no>
		                                 <name>Harsh</name>
		                                 <marks>91</marks>
		                                 <rank>3</rank>
		                                 
		                </student>
		                
		                  <student>
		                                 <roll_no>125</roll_no>
		                                 <name>Rima</name>
		                                 <marks>68</marks>
		                                 <rank>2</rank>
		                                
		                </student>
		                
		                  <student>
		                                 <roll_no>126</roll_no>
		                                 <name>Dev</name>
		                                 <marks>84</marks>
		                                 <rank>1</rank>
		                                
		                </student>  
		</Student>