<?xml version="1.0" ?>
	<Student>
	                <stud_info>
	                                  <name>ABC</name>
	                                  <personal_info>
	                                                            <address>Ahmedabad</address>
	                                                            <birthdate>2001-04-02</birthdate>
	                                                            <gender>male</gender>
	                                                            <mobile>1234566</mobile>
	                                  </personal_info>
	                                  <result>Pass</result>
	                </stud_info>
	                
	                 <stud_info>
	                                  <name>DEF</name>
	                                  <personal_info>
	                                                            <address>Rajkot</address>
	                                                            <birthdate>2003-09-05</birthdate>
	                                                            <gender>female</gender>
	                                                            <mobile>1008791</mobile>
	                                  </personal_info>
	                                  <result>Fail</result>
	                </stud_info>
	                
	                 <stud_info>
	                                  <name>XYZ</name>
	                                  <personal_info>
	                                                            <address>Surat</address>
	                                                            <birthdate>2004-05-11</birthdate>
	                                                            <gender>male</gender>
	                                                            <mobile>190816</mobile>
	                                  </personal_info>
	                                  <result>Pass</result>
	                </stud_info>
	                
	                 <stud_info>
	                                  <name>PQR</name>
	                                  <personal_info>
	                                                            <address>Baroda</address>
	                                                            <birthdate>2003-09-23</birthdate>
	                                                            <gender>female</gender>
	                                                            <mobile>167901</mobile>
	                                  </personal_info>
	                                  <result>Fail</result>
	                </stud_info>
	</Student>