<?xml version="1.0" ?>
	<Employee>
	                   <emp_info>
	                                      <name>ABC</name>
	                                      <emp_id>1001</emp_id>
	                                      <salary>7000</salary>
	                   </emp_info>
	                   
	                   <emp_info>
	                                      <name>DEF</name>
	                                      <emp_id>1015</emp_id>
	                                      <salary>3500</salary>
	                   </emp_info>
	                   
	                   <emp_info>
	                                      <name>PQR</name>
	                                      <emp_id>1011</emp_id>
	                                      <salary>5700</salary>
	                   </emp_info>
	                   
	                   <emp_info>
	                                      <name>XYZ</name>
	                                      <emp_id>1091</emp_id>
	                                      <salary>6700</salary>
	                   </emp_info>
	</Employee>