<?xml version="1.0" ?>
	<Batsman>
	                 <cricket>
	                               <name>Virat</name>
	                               <runs>780</runs>
	                               <wickets>15</wickets>
	                               <matches>21</matches>
	                 </cricket>
	                 
	                  <cricket>
	                               <name>Rohit</name>
	                               <runs>671</runs>
	                               <wickets>13</wickets>
	                               <matches>17</matches>
	                 </cricket>
	                 
	                  <cricket>
	                               <name>Gill</name>
	                               <runs>477</runs>
	                               <wickets>4</wickets>
	                               <matches>13</matches>
	                 </cricket>
	                 
	                  <cricket>
	                               <name>Pant</name>
	                               <runs>591</runs>
	                               <wickets>12</wickets>
	                               <matches>17</matches>
	                 </cricket>
	                 
	                  <cricket>
	                               <name>Dhawan</name>
	                               <runs>481</runs>
	                               <wickets>6</wickets>
	                               <matches>12</matches>
	                 </cricket>
	</Batsman>