<?xml version="1.0" ?>
	<School xmlns:xsi="http://www.w3.org/2001/XMLSchema-instance" xsi:noNamespaceSchemaLocation="6.xsd">
	              <s_id>S01997O</s_id>
	              <s_name>ABCDEF</s_name>
	             <s_address>
	                                 <city>Ahmedabad</city>
	                                 <state Name="Gujarat"></state> 
	             </s_address>
	              <s_year>1999</s_year>
	              <s_code>100569</s_code>
	              <s_totalstd>9th</s_totalstd>
	              <s_star>Hello</s_star>
	</School>