<?xml version="1.0" ?>
    <Student xmlns:xsi="http://www.w3.org/2001/XMLSchema-instance" xsi:noNamespaceSchemaLocation="2.xsd">
              <stud_name>ABC</stud_name>
              <personal_info>
                                     <address>Naranpura</address>
                                     <birth_date>2004-11-22</birth_date>
                                     <gender>Male</gender>
                                     <mobile_no>1234567890</mobile_no>
              </personal_info>
              <result>
                         <total>620</total>
                         <percentage>89%</percentage>
                         <grade>A+</grade>
              </result>
    </Student>