<?xml version="1.0" ?>
	<Salesperson xmlns:xsi="http://www.w3.org/2001/XMLSchema-instance" xsi:noNamespaceSchemaLocation="4.xsd">
	                        <name>ABC</name>
	                        <name>DEF</name>
	                        <business_info>
	                                                  <company>ABC PVT LTC</company>
	                                                  <department>sales</department>
	                                                  <manager>XYZ</manager>
	                                                  <phone_no>12345670</phone_no>
	                                                  <email>abc@umail.com</email>
	                        </business_info>
	                        <personal_info>
	                                                   <phone_no>9825177810</phone_no>
	                                                   <address>Naranpura</address>
	                        </personal_info>
	</Salesperson>
	