<?xml version="1.0" ?>
	<?xsl-stylesheet type="text/xsl" href="7.xsl" ?>
		<Student>
		                <student>
		                                 <roll_no>123</roll_no>
		                                 <name>Raju</name>
		                                 <marks>620</marks>
		                                 <rank>4</rank>
		                                 <result>pass</result>
		                </student>
		                
		                  <student>
		                                 <roll_no>124</roll_no>
		                                 <name>Harsh</name>
		                                 <marks>627</marks>
		                                 <rank>3</rank>
		                                 <result>pass</result>
		                </student>
		                
		                  <student>
		                                 <roll_no>125</roll_no>
		                                 <name>Rima</name>
		                                 <marks>632</marks>
		                                 <rank>2</rank>
		                                 <result>pass</result>
		                </student>
		                
		                  <student>
		                                 <roll_no>126</roll_no>
		                                 <name>Dev</name>
		                                 <marks>636</marks>
		                                 <rank>1</rank>
		                                 <result>pass</result>
		                </student>
		                
		                
		</Student>