<?xml version="1.0" ?>
	<Student>
	                <student>
	                               <name fname="Raju" lname="Singh"></name>
	                               <id>5001</id>
	                               <plan>
	                                         <courses>Imscit</courses>
	                               </plan>	
	                 </student>
	                 
	                   <student>
	                               <name fname="Harsh" lname="Patel"></name>
	                               <id>3005</id>
	                               <plan>
	                                         <courses>BCA</courses>
	                               </plan>	
	                 </student>
	                 
	                   <student>
	                               <name fname="Meet" lname="Shah"></name>
	                               <id>5002</id>
	                               <plan>
	                                         <courses>Imscit</courses>
	                               </plan>	
	                 </student>
	                 
	                   <student>
	                               <name fname="Dev" lname="Shah"></name>
	                               <id>3006</id>
	                               <plan>
	                                         <courses>BCA</courses>
	                               </plan>	
	                 </student>
	</Student>